CREATE DATABASE  IF NOT EXISTS `bd_blamovi` /*!40100 DEFAULT CHARACTER SET utf8mb4 COLLATE utf8mb4_0900_ai_ci */ /*!80016 DEFAULT ENCRYPTION='N' */;
USE `bd_blamovi`;
-- MySQL dump 10.13  Distrib 8.0.32, for Win64 (x86_64)
--
-- Host: localhost    Database: bd_blamovi
-- ------------------------------------------------------
-- Server version	8.0.32

/*!40101 SET @OLD_CHARACTER_SET_CLIENT=@@CHARACTER_SET_CLIENT */;
/*!40101 SET @OLD_CHARACTER_SET_RESULTS=@@CHARACTER_SET_RESULTS */;
/*!40101 SET @OLD_COLLATION_CONNECTION=@@COLLATION_CONNECTION */;
/*!50503 SET NAMES utf8 */;
/*!40103 SET @OLD_TIME_ZONE=@@TIME_ZONE */;
/*!40103 SET TIME_ZONE='+00:00' */;
/*!40014 SET @OLD_UNIQUE_CHECKS=@@UNIQUE_CHECKS, UNIQUE_CHECKS=0 */;
/*!40014 SET @OLD_FOREIGN_KEY_CHECKS=@@FOREIGN_KEY_CHECKS, FOREIGN_KEY_CHECKS=0 */;
/*!40101 SET @OLD_SQL_MODE=@@SQL_MODE, SQL_MODE='NO_AUTO_VALUE_ON_ZERO' */;
/*!40111 SET @OLD_SQL_NOTES=@@SQL_NOTES, SQL_NOTES=0 */;

--
-- Table structure for table `comentario`
--

DROP TABLE IF EXISTS `comentario`;
/*!40101 SET @saved_cs_client     = @@character_set_client */;
/*!50503 SET character_set_client = utf8mb4 */;
CREATE TABLE `comentario` (
  `id_comentario` binary(16) NOT NULL,
  `id_usuario` binary(16) NOT NULL,
  `id_post` binary(16) NOT NULL,
  `texto` varchar(255) NOT NULL,
  PRIMARY KEY (`id_comentario`),
  KEY `id_usuario` (`id_usuario`),
  KEY `id_post` (`id_post`),
  CONSTRAINT `comentario_ibfk_1` FOREIGN KEY (`id_usuario`) REFERENCES `usuario` (`id_usuario`),
  CONSTRAINT `comentario_ibfk_2` FOREIGN KEY (`id_post`) REFERENCES `post` (`id_post`)
) ENGINE=InnoDB DEFAULT CHARSET=utf8mb4 COLLATE=utf8mb4_0900_ai_ci;
/*!40101 SET character_set_client = @saved_cs_client */;

--
-- Dumping data for table `comentario`
--

LOCK TABLES `comentario` WRITE;
/*!40000 ALTER TABLE `comentario` DISABLE KEYS */;
INSERT INTO `comentario` VALUES (_binary 'ó\‰Ö £Óâò1ø\’IÇ',_binary 'SônC«ú\Ó™√¥E{Ö¥',_binary 'ÅRpV úÓâò1ø\’IÇ','S√≥ eu pensei que ela salvaria Deus atrav√©s do general?!'),(_binary 'ßD\‰ §Óâò1ø\’IÇ',_binary 'Ú˛âE«ú\Ó™√¥E{Ö¥',_binary '™@\— ùÓâò1ø\’IÇ','Assistindo pela primeira vez em 2023. Adorei!'),(_binary '#\Î\0s •Óâò1ø\’IÇ',_binary ',\'«ù\Ó™√¥E{Ö¥',_binary ';?¸\¬ ûÓâò1ø\’IÇ','T√£o triste'),(_binary '\'E:g ßÓâò1ø\’IÇ',_binary '\Èkæ«û\Ó™√¥E{Ö¥',_binary '¢9í üÓâò1ø\’IÇ','\nEstou chocado, realmente. Sem pena de pris√£o s√≥ porque ele foi ‚Äúextremamente cooperativo‚Äù, isso √© besteira. Estou curioso para ouvir o lado da hist√≥ria de Sorbee.'),(_binary ')\ÍØF §Óâò1ø\’IÇ',_binary '=`ó«ù\Ó™√¥E{Ö¥',_binary '\ﬁ0\¬8 ùÓâò1ø\’IÇ','MELHOR FILME DA VIDAAA'),(_binary '5\Ãƒç ¶Óâò1ø\’IÇ',_binary ']í™«ù\Ó™√¥E{Ö¥',_binary '\ƒV∏ ûÓâò1ø\’IÇ','Eu sabia !! Eu sabia que era a Liz.. Fiquei doente porque ela queimou seus animais vivos.'),(_binary '64C\Ë ¶Óâò1ø\’IÇ',_binary ']í™«ù\Ó™√¥E{Ö¥',_binary '\ƒV∏ ûÓâò1ø\’IÇ','Eu sabia !! Eu sabia que era a Liz.. Fiquei doente porque ela queimou seus animais vivos.'),(_binary 'Fé1 £Óâò1ø\’IÇ',_binary 'É\ Û}«ú\Ó™√¥E{Ö¥',_binary '\Ë/[2 úÓâò1ø\’IÇ','N√£o h√° nada melhor do que um filme de Adam Sandler para animar o seu dia.'),(_binary 'vÄed §Óâò1ø\’IÇ',_binary ',\'«ù\Ó™√¥E{Ö¥',_binary 'qÆ\È ûÓâò1ø\’IÇ','Filme de susto normal com uma pequena reviravolta na hist√≥ria que √© muito f√°cil de adivinhar.'),(_binary 'à\'se £Óâò1ø\’IÇ',_binary '≥Ü˜µ«ú\Ó™√¥E{Ö¥',_binary 'Ea˜\” ùÓâò1ø\’IÇ','√ìtimo filme.'),(_binary 'âg\  ¶Óâò1ø\’IÇ',_binary 'é©m¿«ù\Ó™√¥E{Ö¥',_binary '\Óé) ûÓâò1ø\’IÇ','Octa √© um homem muito atraente, com um filme legal e tudo, mas sabe o que esse filme tem de melhor? SEU EARPOD!!! '),(_binary 'ëˆxK ßÓâò1ø\’IÇ',_binary '-:§«û\Ó™√¥E{Ö¥',_binary '\◊o\0* üÓâò1ø\’IÇ','Mano eu s√≥ queria saber o que se passa na cabe√ßa da galera em concordar com a frase \'espurgo pra sempre\' tipo qualquer idiota sabe que seria um mundo totalmente p√≥s apocal√≠ptico e sem estrutura'),(_binary 'µŒù ¢Óâò1ø\’IÇ',_binary 'á«õ\Ó™√¥E{Ö¥',_binary '¥’™B«õ\Ó™√¥E{Ö¥','uau. Oppenheimer foi de fato o filme absolutamente aterrorizante, mas incr√≠vel, anunciado.'),(_binary 'Ω®≥ ¶Óâò1ø\’IÇ',_binary '´Oc\Ï«ù\Ó™√¥E{Ö¥',_binary '%`˛ üÓâò1ø\’IÇ','O diretor deixou seus pensamentos intrusivos vencerem, mostrando-nos as dificuldades de ter um corpo musculoso como este. Coitado dele.'),(_binary '«°òs ßÓâò1ø\’IÇ',_binary 'L\ﬂ\Ãi«û\Ó™√¥E{Ö¥',_binary '\0∫JR †Óâò1ø\’IÇ','Mano eu s√≥ queria saber o que se passa na cabe√ßa da galera em concordar com a frase \'espurgo pra sempre\' tipo qualquer idiota sabe que seria um mundo totalmente p√≥s apocal√≠ptico e sem estrutura'),(_binary '\÷\‰\∆4 £Óâò1ø\’IÇ',_binary '\’òÇ«ú\Ó™√¥E{Ö¥',_binary 'r\÷Ò ùÓâò1ø\’IÇ','This is cinema'),(_binary '\⁄n\Õ˜ •Óâò1ø\’IÇ',_binary 'CúN«ù\Ó™√¥E{Ö¥',_binary 'h#\Ó ûÓâò1ø\’IÇ','E assim tudo come√ßa aqui...'),(_binary '˚IW] ¶Óâò1ø\’IÇ',_binary '\Íñ(9«ù\Ó™√¥E{Ö¥',_binary 'c\œB\» üÓâò1ø\’IÇ','O momento em que eles come√ßam a se vestir para o resgate :(((');
/*!40000 ALTER TABLE `comentario` ENABLE KEYS */;
UNLOCK TABLES;

--
-- Table structure for table `post`
--

DROP TABLE IF EXISTS `post`;
/*!40101 SET @saved_cs_client     = @@character_set_client */;
/*!50503 SET character_set_client = utf8mb4 */;
CREATE TABLE `post` (
  `id_post` binary(16) NOT NULL,
  `id_video` binary(16) NOT NULL,
  `id_usuario` binary(16) NOT NULL,
  `quantidade_curtida` int DEFAULT NULL,
  `texto` varchar(255) NOT NULL,
  `foto_post` varchar(255) DEFAULT NULL,
  PRIMARY KEY (`id_post`),
  KEY `id_video` (`id_video`),
  KEY `id_usuario` (`id_usuario`),
  CONSTRAINT `post_ibfk_1` FOREIGN KEY (`id_video`) REFERENCES `video` (`id_video`),
  CONSTRAINT `post_ibfk_2` FOREIGN KEY (`id_usuario`) REFERENCES `usuario` (`id_usuario`)
) ENGINE=InnoDB DEFAULT CHARSET=utf8mb4 COLLATE=utf8mb4_0900_ai_ci;
/*!40101 SET character_set_client = @saved_cs_client */;

--
-- Dumping data for table `post`
--

LOCK TABLES `post` WRITE;
/*!40000 ALTER TABLE `post` DISABLE KEYS */;
INSERT INTO `post` VALUES (_binary '\0∫JR †Óâò1ø\’IÇ',_binary 'Ñ_™ø ëÓâò1ø\’IÇ',_binary 'jò(\√«û\Ó™√¥E{Ö¥',10,'Um filme exemplar,  √© um filme mais bem feito pela propria marca...','fordVsFerrari1.png'),(_binary 'qÆ\È ûÓâò1ø\’IÇ',_binary 'z$9 åÓâò1ø\’IÇ',_binary ',\'«ù\Ó™√¥E{Ö¥',10,'O filme tinha tudo para ser bom. Mas o desenvolvimento foi p√©ssimo.','aLuzDoDemonio1.png'),(_binary '\›˘â °Óâò1ø\’IÇ',_binary '˚\r$«¨\Ó™√¥E{Ö¥',_binary '[ÒÚÉ«ü\Ó™√¥E{Ö¥',10,'Se a Candy fosse igual a Elisabeth Olsen eu iria inocenta-la sem peso na consci√™ncia.','amor1.png'),(_binary '%`˛ üÓâò1ø\’IÇ',_binary 'ıÒ8\Õ èÓâò1ø\’IÇ',_binary '\Íñ(9«ù\Ó™√¥E{Ö¥',10,'Divertido e inofensivo. Em Ru√≠nas √© um bom filme de a√ß√£o e apresenta boas ideias, por√©m, fica claro que essas pretens√µes dele poderiam ter sido melhor desenvolvidas.','emRuinas1.png'),(_binary '\'nõò †Óâò1ø\’IÇ',_binary '}-§o íÓâò1ø\’IÇ',_binary 'é8¥ «û\Ó™√¥E{Ö¥',10,'Como filme de a√ß√£o o resultado √© mediano, n√£o √© grande coisa mas d√° pra assistir sem grandes expectativas ou exig√™ncias.','lift1.png'),(_binary '- ¢Óâò1ø\’IÇ',_binary '˘äk èÓâò1ø\’IÇ',_binary '3z™\ﬂ«†\Ó™√¥E{Ö¥',10,'A introdu√ß√£o do filme √© confusa, mas logo quando chega a parte da patrulha que ajuda a inocentar pessoas a trama fica realmente interessante. ','brianBanks1.png'),(_binary ';?¸\¬ ûÓâò1ø\’IÇ',_binary 'R∑Fú çÓâò1ø\’IÇ',_binary 'CúN«ù\Ó™√¥E{Ö¥',10,'Mesmo com seus defeitos o filme se tornou um dos mais famosos a retratar os horrores dos campos de concentra√ß√£o nazistas.','omenino1.png'),(_binary '@c\‚í °Óâò1ø\’IÇ',_binary '\»≥\‘ ÜÓâò1ø\’IÇ',_binary 'ÑüOD«ü\Ó™√¥E{Ö¥',10,'Atesto sem sombra de d√∫vidas que essa √© uma das melhores s√©ries que j√° assisti, sen√£o a melhor!','chernobyl1.png'),(_binary 'Ea˜\” ùÓâò1ø\’IÇ',_binary 'u•6˛«§\Ó™√¥E{Ö¥',_binary '≥Ü˜µ«ú\Ó™√¥E{Ö¥',9,'O filme √© simplesmente incr√≠vel e grandioso, e sabe muito bem disso. Muitos personagens para apresentar? Ent√£o ele d√° tempo a si mesmo para apresent√°-los.','eternos1.png'),(_binary '\\ï\Ë© †Óâò1ø\’IÇ',_binary 'Äx\0\Œ«™\Ó™√¥E{Ö¥',_binary '≥Wp«û\Ó™√¥E{Ö¥',10,'S√©rie virou tudo que teoricamente veio pra criticar.','theIdol1.png'),(_binary 'c\œB\» üÓâò1ø\’IÇ',_binary '\›	lº êÓâò1ø\’IÇ',_binary '\Èkæ«û\Ó™√¥E{Ö¥',10,'Sem palavras para descrever a qualidade deste filme.','sociedade1.png'),(_binary 'h#\Ó ûÓâò1ø\’IÇ',_binary '∏\"êv çÓâò1ø\’IÇ',_binary ']í™«ù\Ó™√¥E{Ö¥',10,'Star Wars episodio 4: Uma Nova Esperan√ßa, √© um filme muito bom, e eu gostei muito dele. ','starWars1.png'),(_binary 'k&u °Óâò1ø\’IÇ',_binary ']\—ç áÓâò1ø\’IÇ',_binary 'Æ˚íS«ü\Ó™√¥E{Ö¥',10,'Que s√©rie maravilhosa !! Quase se perdeu nas temporadas do meio... ','manifest1.png'),(_binary 'r\÷Ò ùÓâò1ø\’IÇ',_binary '\Ô’àñ«§\Ó™√¥E{Ö¥',_binary '\’òÇ«ú\Ó™√¥E{Ö¥',10,'Cl√°ssico absoluto. Resumindo em poucas palavras: √© simplesmente o melhor filme j√° feito.','poderosoChefao1.png'),(_binary 'ÅRpV úÓâò1ø\’IÇ',_binary 'µ\ Qd«£\Ó™√¥E{Ö¥',_binary 'SônC«ú\Ó™√¥E{Ö¥',6,'Sinceramente, √© um filme chato, por√©m interessante, bem dirigido e editado. Para quem gosta da \'fotografia\', √© um prato cheio, √© linda e dispensa mais coment√°rios.','pobresCriaturas1.png'),(_binary 'ê´ùq †Óâò1ø\’IÇ',_binary 'Ω\ng«©\Ó™√¥E{Ö¥',_binary '\÷uæ\Ï«û\Ó™√¥E{Ö¥',10,'A s√©rie que muitas vezes √© salva pala trilha sonora , que esta extremamente bem colocada.','succession1.png'),(_binary 'ó.Ù °Óâò1ø\’IÇ',_binary '\”–≥\r áÓâò1ø\’IÇ',_binary '\÷~Ñ=«ü\Ó™√¥E{Ö¥',10,'Em compara√ß√£o a os outros Csis , Essa  √© a  melhor s√©rie forense do mundo!','csi1.png'),(_binary '¢9í üÓâò1ø\’IÇ',_binary 't}f âÓâò1ø\’IÇ',_binary '-:§«û\Ó™√¥E{Ö¥',10,'‚ÄúCriptofraude‚Äù vai al√©m das simples revela√ß√µes sobre a fraude da Centra Tech, proporcionando uma an√°lise agu√ßada sobre a psicologia por tr√°s das decis√µes de Trapani.','criptofraude1.png'),(_binary '™@\— ùÓâò1ø\’IÇ',_binary 'È£òa«®\Ó™√¥E{Ö¥',_binary 'Ú˛âE«ú\Ó™√¥E{Ö¥',10,'Fant√°stico!  O melhor filme de a√ß√£o de terroristas de todos os tempos!!! N√£o existe outro filme desse g√™nero com o naipe desse filme.','duroDeMatar1.png'),(_binary '¥’™B«õ\Ó™√¥E{Ö¥',_binary '¡\‰¡ò«ö\Ó™√¥E{Ö¥',_binary 'á«õ\Ó™√¥E{Ö¥',12,'Sem sombra de d√∫vidas temos aqui o melhor filme de Christopher Nolan desde o lan√ßamento de Inception em 2010. ','oppenheimerPost1.png'),(_binary '\ƒV∏ ûÓâò1ø\’IÇ',_binary '≤*!k éÓâò1ø\’IÇ',_binary 'é©m¿«ù\Ó™√¥E{Ö¥',10,'Estranho levarem anos sem saber o que estava acontecendo. Al√©m da dissimula√ß√£o da assassina, parece ter havido morosidade e falta de aten√ß√£o aos detalhes por parte da investiga√ß√£o.','amante1.png'),(_binary '\≈h¨\Í †Óâò1ø\’IÇ',_binary '§ä\À«´\Ó™√¥E{Ö¥',_binary '˘•ì¨«û\Ó™√¥E{Ö¥',10,'Em particular, √© o personagem de Clive ( Josh Bonzie) sobre quem passamos a saber mais. ','saintX1.png'),(_binary '≈Øq\n °Óâò1ø\’IÇ',_binary '%&L\» àÓâò1ø\’IÇ',_binary '˘\◊	f«ü\Ó™√¥E{Ö¥',10,'N√£o sou dos anos 90, e no come√ßo quando decidi assistir o primeiro epis√≥dio e digamos que n√£o foi amor a primeira vista.','friends1.png'),(_binary '\◊o\0* üÓâò1ø\’IÇ',_binary '1f(ú ëÓâò1ø\’IÇ',_binary 'L\ﬂ\Ãi«û\Ó™√¥E{Ö¥',10,'As pessoas que est√£o reclamando do filme ser politizado provavelmente n√£o assistiram os filmes anteriores.','noiteDeCrime1.png'),(_binary '\ﬁ0\¬8 ùÓâò1ø\’IÇ',_binary '\‚j\Õ\√ åÓâò1ø\’IÇ',_binary '=`ó«ù\Ó™√¥E{Ö¥',10,'Auto Da Compadecida √© EXCELENTE,  filme √© um filma√ßo, com uma com√©dia excelente mostrando de uma forma perfeita e l√∫dica como era a situa√ß√£o do Nordeste nos anos 30.','oAutoDaCompadecida1.png'),(_binary '\ÂWò«§\Ó™√¥E{Ö¥',_binary '¡\‰¡ò«ö\Ó™√¥E{Ö¥',_binary 'á«õ\Ó™√¥E{Ö¥',12,'Sem sombra de d√∫vidas temos aqui o melhor filme de Christopher Nolan desde o lan√ßamento de Inception em 2010. ','oppenheimerPost1.png'),(_binary '\Ë/[2 úÓâò1ø\’IÇ',_binary '!∑C\ﬁ«§\Ó™√¥E{Ö¥',_binary 'É\ Û}«ú\Ó™√¥E{Ö¥',2,'Acabei de assistir e pra dizer a vdd achei massa d+! Gosto dos filmes com ele, q tb tem uma hist√≥ria bacana, pena q √© sacaneado por Hollywood.','arremessandoAlto1.png'),(_binary '\Î\ﬂ˛\Â †Óâò1ø\’IÇ',_binary 'ô?i«´\Ó™√¥E{Ö¥',_binary '>Åú≠«ü\Ó™√¥E{Ö¥',10,'Essa s√©rie √© incr√≠vel, amei, muita a√ß√£o, drama, e v√°rias outras coisas que fazem essa obra √∫nica.','vikings1.png'),(_binary '\Óé) ûÓâò1ø\’IÇ',_binary 'î‡´í èÓâò1ø\’IÇ',_binary '´Oc\Ï«ù\Ó™√¥E{Ö¥',10,'Filme inteiro muito fora da realidade, era pra ser um filme de luta mas parece mais um filme de fic√ß√£o.','60Minutos1.png'),(_binary '¸oöM °Óâò1ø\’IÇ',_binary 'ÄRw àÓâò1ø\’IÇ',_binary '\ZWHZ«†\Ó™√¥E{Ö¥',10,'Sex in the City marcou a minha adolesc√™ncia e a minha vida adulta.','sexandthecity1.png');
/*!40000 ALTER TABLE `post` ENABLE KEYS */;
UNLOCK TABLES;

--
-- Table structure for table `usuario`
--

DROP TABLE IF EXISTS `usuario`;
/*!40101 SET @saved_cs_client     = @@character_set_client */;
/*!50503 SET character_set_client = utf8mb4 */;
CREATE TABLE `usuario` (
  `id_usuario` binary(16) NOT NULL,
  `nome` varchar(255) NOT NULL,
  `email` varchar(180) NOT NULL,
  `senha` varchar(30) NOT NULL,
  `apelido` varchar(30) NOT NULL,
  `data_nasc` date NOT NULL,
  `url_img` varchar(255) NOT NULL,
  PRIMARY KEY (`id_usuario`)
) ENGINE=InnoDB DEFAULT CHARSET=utf8mb4 COLLATE=utf8mb4_0900_ai_ci;
/*!40101 SET character_set_client = @saved_cs_client */;

--
-- Dumping data for table `usuario`
--

LOCK TABLES `usuario` WRITE;
/*!40000 ALTER TABLE `usuario` DISABLE KEYS */;
INSERT INTO `usuario` VALUES (_binary '\Èkæ«û\Ó™√¥E{Ö¥','Zara ','zara@gemail.com','zara123','zara','1986-06-26','zara.png'),(_binary 'á«õ\Ó™√¥E{Ö¥','Abreu','abreu@gemail.com','abreu123','abreu','2000-01-01','abreu.png'),(_binary '=`ó«ù\Ó™√¥E{Ö¥','Luca','luca@gemail.com','luca123','luca','1988-09-19','luca.png'),(_binary '\ZWHZ«†\Ó™√¥E{Ö¥','Lara','lara@gemail.com','lara123','lara','1987-08-21','lara.png'),(_binary ',\'«ù\Ó™√¥E{Ö¥','Maya','maya@gemail.com','maya123','maya','1993-11-07','maya.png'),(_binary '-:§«û\Ó™√¥E{Ö¥','Nikhil','nikhil@gemail.com','nikhil123','nikhil','1992-09-03','nikhil.png'),(_binary '3z™\ﬂ«†\Ó™√¥E{Ö¥','Ryan','ryan@gemail.com','ryan123','ryan','2001-04-13','ryan.png'),(_binary '>Åú≠«ü\Ó™√¥E{Ö¥','Mia','mia@gemail.com','mia123','mia','1990-09-12','mia.png'),(_binary 'CúN«ù\Ó™√¥E{Ö¥','Felix','felix@gemail.com','felix123','felix','1977-03-14','felix.png'),(_binary 'L\ﬂ\Ãi«û\Ó™√¥E{Ö¥','Emilia','emilia@gemail.com','emilia123','emilia','1975-07-22','emilia.png'),(_binary 'M0•«†\Ó™√¥E{Ö¥','Omar','omar@gemail.com','omar123','omar','1999-10-16','omar.png'),(_binary 'SônC«ú\Ó™√¥E{Ö¥','Sofia','sofia@gemail.com','sofia123','sofia','1990-04-15','sofia.png'),(_binary '[ÒÚÉ«ü\Ó™√¥E{Ö¥','Rafael','rafael@gemail.com','rafael123','rafael','1983-05-04','rafael.png'),(_binary ']í™«ù\Ó™√¥E{Ö¥','Isabella','isabella@gemail.com','isabella123','isabella','2000-10-02','isabella.png'),(_binary 'jò(\√«û\Ó™√¥E{Ö¥','Juan','juan@gemail.com','juan123','juan','1989-08-10','juan.png'),(_binary 'É\ Û}«ú\Ó™√¥E{Ö¥','Alejandro','alejandro@gemail.com','alejandro123','alejandro','1985-08-12','alejandro.png'),(_binary 'ÑüOD«ü\Ó™√¥E{Ö¥','Lila','lila@gemail.com','lila123','lila','1998-01-20','lila.png'),(_binary 'é8¥ «û\Ó™√¥E{Ö¥','Aaliyah','aaliyah@gemail.com','aaliyah123','aaliyah','1994-04-01','aaliyah.png'),(_binary 'é©m¿«ù\Ó™√¥E{Ö¥','Ahmed','ahmed@gemail.com','ahmed123','ahmed','1991-07-30','ahmed.png'),(_binary '´Oc\Ï«ù\Ó™√¥E{Ö¥','Luna ','luna@gemail.com','luna123','luna','1984-05-18','luna.png'),(_binary 'Æ˚íS«ü\Ó™√¥E{Ö¥','Arjun','arjun@gemail.com','arjun123','arjun','1986-07-17','arjun.png'),(_binary '≥Wp«û\Ó™√¥E{Ö¥','Mateo','mateo@gemail.com','mateo123','mateo','1984-11-14','mateo.png'),(_binary '≥Ü˜µ«ú\Ó™√¥E{Ö¥','Priya','priya@gemail.com','priya123','priya','1998-12-05','priya.png'),(_binary '\’òÇ«ú\Ó™√¥E{Ö¥','Viktor','viktor@gemail.com','viktor123','viktor','1982-06-11','viktor.png'),(_binary '\÷uæ\Ï«û\Ó™√¥E{Ö¥','Aria','aria@gemail.com','aria123','aria','1996-06-08','aria.png'),(_binary '\÷~Ñ=«ü\Ó™√¥E{Ö¥','Ava','ava@gemail.com','ava123','ava','1978-10-29','ava.png'),(_binary '\Â|«§\Ó™√¥E{Ö¥','Omar','omar@gemail.com','omar123','omar','1999-10-16','omar.png'),(_binary '\Íñ(9«ù\Ó™√¥E{Ö¥','Thiago ','thiago@gemail.com','thiago123','thiago','1997-01-09','thiago.png'),(_binary 'Ú˛âE«ú\Ó™√¥E{Ö¥','Aisha','aisha@gemail.com','aisha123','aisha','1995-02-28','aisha.png'),(_binary '˘•ì¨«û\Ó™√¥E{Ö¥','Andrei','andrei@gemail.com','andrei123','andrei','1979-03-25','andrei.png'),(_binary '˘\◊	f«ü\Ó™√¥E{Ö¥','Khaled','khaled@gemail.com','khaled123','khaled','1993-02-06','khaled.png');
/*!40000 ALTER TABLE `usuario` ENABLE KEYS */;
UNLOCK TABLES;

--
-- Table structure for table `video`
--

DROP TABLE IF EXISTS `video`;
/*!40101 SET @saved_cs_client     = @@character_set_client */;
/*!50503 SET character_set_client = utf8mb4 */;
CREATE TABLE `video` (
  `id_video` binary(16) NOT NULL,
  `titulo` varchar(100) NOT NULL,
  `genero` varchar(50) NOT NULL,
  `diretor` varchar(255) NOT NULL,
  `duracao` varchar(30) NOT NULL,
  `temporadas` int DEFAULT NULL,
  `sinopse` varchar(255) NOT NULL,
  `ano` varchar(4) NOT NULL,
  `curtida` int DEFAULT NULL,
  `elenco` varchar(255) NOT NULL,
  `tipo` varchar(20) NOT NULL,
  `poster` varchar(100) NOT NULL,
  `trailer` varchar(255) NOT NULL,
  `classificacao` varchar(30) NOT NULL,
  `nota_total` decimal(10,0) NOT NULL,
  `quantidade_post` decimal(10,0) NOT NULL,
  PRIMARY KEY (`id_video`)
) ENGINE=InnoDB DEFAULT CHARSET=utf8mb4 COLLATE=utf8mb4_0900_ai_ci;
/*!40101 SET character_set_client = @saved_cs_client */;

--
-- Dumping data for table `video`
--

LOCK TABLES `video` WRITE;
/*!40000 ALTER TABLE `video` DISABLE KEYS */;
INSERT INTO `video` VALUES (_binary 't}f âÓâò1ø\’IÇ','Criptofraude','Documentario','Bryan Storkel','94 min',NULL,'Neste document√°rio sobre um crime real, tr√™s homens exploram o mercado de criptomoedas para aplicar golpes em investidores e bancar uma vida de luxo.','2024',6,'Brian Dijols, David Eby, Hamza Murtaza Jafri','Document√°rio','criptofraude.png','https://www.youtube.com/embed/To4r67z73aw?si=Xb05cfUVsr0Se9kR','+16',26,4),(_binary '§ä\À«´\Ó™√¥E{Ö¥','Saint X','Drama','Darren Grant','44 min',1,'A s√©rie explora como a misteriosa morte de uma jovem cria um efeito cascata traum√°tico que acaba levando sua irm√£ sobrevivente a uma perigosa busca pela verdade.','2023',176,'Alycia Debnam-Carey, Amy Gordon, Betsy Brandt','Serie','saintX.png','https://www.youtube.com/embed/rpBqqxggwPM?si=ekj2gXAJI3ex23eF','+14',6,0),(_binary '˘äk èÓâò1ø\’IÇ','Brian Banks: Um Sonho Interrompido','Biografia','Tom Shadyac','99 min',NULL,'Os sonhos de um jogador de futebol de jogar na NFL s√£o interrompidos quando ele √© condenado por engano e enviado para a pris√£o.','2018',6,'Aldis Hodge, Greg Kinnear, Sherri Shepherd','Document√°rio','brianBanks.png','https://www.youtube.com/embed/Ngzyhfrlv-I?si=TUq3pYgSJ2_A1QSV','+12',7,1),(_binary '˚\r$«¨\Ó™√¥E{Ö¥','Amor e Morte','Biografia, Drama','Lesli Linka Glatter','53 min',1,'A miniss√©rie √© baseada na hist√≥ria real de Candy Montgomery, que assassinou sua amiga da igreja, Betty Gore, com um machado em 1980.','2023',56,'Elizabeth Olsen, Lily Rabe, Krysten Ritter, Jesse Plemons, Patrick Fugit, Tom Pelphrey','Serie','amorEmorte.png','https://www.youtube.com/embed/ChEyOvEKdrY?si=k9okOSdRIhPgMN7n','+18',14,2),(_binary '!∑C\ﬁ«§\Ó™√¥E{Ö¥','Arremessando Alto','Drama, Evento Esportivo','Jeremiah Zagar','117 min',NULL,'Em Arremessando Alto, o ca√ßa-talentos profissional do basquete, Stanley Beren (Adam Sandler), n√£o vive um bom momento na carreira. Exercendo seu trabalho sem muito prop√≥sito, ele n√£o acredita mais que conseguir√° descobrir um novo talento significativo.','2022',4,'Adam Sandler, Queen Latifah, Juancho Hernang√≥mez','Filme','arremessandoAlto.png','https://www.youtube.com/embed/vIMm04L916I?si=ho5n4Kx3PObvRMBw','+12',112,12),(_binary '%&L\» àÓâò1ø\’IÇ','Friends','Com√©dia','David Crane','43 min',10,'Relata a vida pessoal de seis amigos em seus 30\'s na cidade de Manhattan','1994',100,'Jennifer Aniston, Courteney Cox, Lisa Kudrow','S√©rie','friends.png','https://www.youtube.com/embed/IEEbUzffzrk?si=0n9JHA5CCCl44Gim','+12',18,2),(_binary '1f(ú ëÓâò1ø\’IÇ','Uma Noite de Crime: A Fronteira','A√ß√£o','Everardo Gout','103 min',NULL,'Todas as regras s√£o quebradas quando um culto de saqueadores sem lei decide que a Purga anual n√£o p√°ra ao amanhecer e, em vez disso, nunca deve terminar.','2021',4,'Ana de la Reguera, Renoch Huerta, Josh Lucas','Filme','umaNoiteDeCrimeAFronteira.png','https://www.youtube.com/embed/9o3bT-BpoRY?si=Kc7PDjrKeozK5ApD','+16',5,1),(_binary ':j∞ù ãÓâò1ø\’IÇ','Uma Viagem ao Infinito','Documentario','Jonathan Halperin','79 min',NULL,'O infinito existe? Podemos experimentar o Infinito? Em uma anima√ß√£o criada por artistas de 10 pa√≠ses, os principais cientistas do mundo buscam o infinito e suas implica√ß√µes para o universo.','2022',4,'Alan Lightman, Delilah Gates, Stephon Alexander','Document√°rio','umaViagemAoInfinito.png','https://www.youtube.com/embed/CNFm_DzHDaE?si=Ao_NfDqmkATqY0IC','+14',56,8),(_binary 'R∑Fú çÓâò1ø\’IÇ','O Menino do Pijama Listrado','Guerra','Mark Herman','94 min',NULL,'Com a Segunda Guerra Mundial como centro, a hist√≥ria √© contada atrav√©s dos olhos do Bruno, o filho de um comandante de um campo de concentra√ß√£o, sobre sua amizade com um menino judeu.','2008',5,'Asa Butterfield, David Thewlis, Rupert Friend','Filme','oMeninoDoPijamaListrado.png','https://www.youtube.com/embed/uZD-ySKl91A?si=hQUPu1T5PfnSBzOw','+12',21,3),(_binary ']\—ç áÓâò1ø\’IÇ','Manifest','Drama','Jeff Rake','40 min',4,'Em Manifest, um grupo de pessoas viaja da Jamaica de volta para Nova Iorque no voo 828. Durante o percurso, um problema nos controles causa uma inesperada turbul√™ncia que os deixa apavorados.','2018',2,'Melissa Roxburgh, Josh Dallas, J.R. Ramirez','S√©rie','manifest.png','https://www.youtube.com/embed/uXarGkV96fw?si=CB4Jjf7TLqYB6QZg','+12',7,1),(_binary 'mI äÓâò1ø\’IÇ','Pornhub: Sexo Bilion√°rio','Documentario','Suzanne Hillinger','94 min',NULL,'Com depoimentos de artistas, defensores de sobreviventes de explora√ß√£o sexual e ex-funcion√°rios, este document√°rio mostra em detalhes os sucessos e esc√¢ndalos do site Pornhub.','2023',10,'Noelle Perdue, Michael Stabile, Wolf Hudson','Document√°rio','pornhubSexoBilionario.png','https://www.youtube.com/embed/-KGnmVT0bj8?si=Cml_GrNwMZKP_ldn','+18',5,1),(_binary 'u•6˛«§\Ó™√¥E{Ö¥','Eternos','A√ß√£o, Fantasia','Chlo√© Zhao','157 min',NULL,'Eternos s√£o seres super dotados com caracter√≠sticas como imortalidade e manipula√ß√£o de energia c√≥smica, e eles s√£o frutos de experi√™ncias fracassadas de seu pr√≥prio criador, o Celestial Arishem, desde a cria√ß√£o da Terra h√° milh√µes de anos.','2021',1,'Gemma Chan, Richard Madden, Salma Hayek','Filme','eternos.png','https://www.youtube.com/embed/PJza3ZaFeAU?si=aN1wdR8WurnUdVbQ','+12',12,2),(_binary 'z$9 åÓâò1ø\’IÇ','A Luz do Dem√¥nio','Terror','Daniel Stamm','93 min',NULL,'Uma freira se prepara para realizar um exorcismo e fica cara a cara com uma for√ßa demon√≠aca com la√ßos misteriosos com seu passado.','2022',4,'Jacqueline Byers, Debora Zhecheva, Christian Navarro','Filme','aLuzDoDemonio.png','https://www.youtube.com/embed/vmVlPiTS3oo?si=RpCU3-uz-Q7vcOFh','+14',10,2),(_binary '{˜óù êÓâò1ø\’IÇ','A Noite que Mudou o Pop','Musical','Bao Nguyen','96 min',NULL,'Em uma noite de janeiro de 1985, as maiores estrelas da m√∫sica se reuniram para gravar \'We Are the World\'. Este document√°rio mostra os bastidores desse evento hist√≥rico.','2024',7,'Lionel Richie, Michael Jackson, Cyndi Lauper','Document√°rio','aNoiteQueMudouOPop.png','https://www.youtube.com/embed/DshFgpYgCiA?si=8GMHTjb_0rQVD6LA','+12',8,1),(_binary '}-§o íÓâò1ø\’IÇ','Lift: Roubo nas Alturas','Com√©dia','F. Gary Gray','107 min',NULL,'Um ladr√£o e a sua criminosa ex-namorada se unem para roubar US$ 500 milh√µes em barras de ouro que est√£o em transporte dentro de um avi√£o A380 de Londres a Zurique.','2024',4,'Kevin Hart, Gugu Mbatha-Raw, Sam Worthington','Filme','lift.png','https://www.youtube.com/embed/3S5GIeLcw5A?si=2H1MweyJIUaD3j_0','+12',5,1),(_binary 'ÄRw àÓâò1ø\’IÇ','Sex and the City','Com√©dia','Michael Patrick King','30 min',3,'Quatro mulheres de Nova York fofocam sobre suas vidas sexuais e encontram novas formas de lidar com o fato de serem mulheres nos anos noventa.','1998',14,'Sarah Jessica Parker, Cynthia Nixon, Kristin Davis','S√©rie','sexAndTheCity.png','https://www.youtube.com/embed/EmDMKBhbHGE?si=9-FKnR0812Xbz_1p','+16',21,3),(_binary 'Äx\0\Œ«™\Ó™√¥E{Ö¥','The Idol','Drama','Sam Levinson','50 min',1,'Depois que um colapso nervoso descarrilou a √∫ltima turn√™ de Jocelyn, ela est√° determinada a reivindicar sua posi√ß√£o leg√≠tima como a maior e mais sexy estrela pop da Am√©rica.','2023',157,'Lily-Rose Depp, The Weeknd, Suzanna Son, Dan Levy, Troye Sivan','Serie','theIdol.png','https://www.youtube.com/embed/ECLx9XPP_qs?si=L9pew0lW32JTB7xh','+18',8,2),(_binary 'Ñ_™ø ëÓâò1ø\’IÇ','Ford vs Ferrari','Biografia','James Mangold','152 min',NULL,'Um designer de carros e um motorista combatem a interfer√™ncia corporativa, as leis da f√≠sica e seus pr√≥prios dem√¥nios pessoais para construir um carro de corrida revolucion√°rio para a Ford.','2019',7,'Matt Damon, Christian Bale, Jon Bernthal','Filme','fordVsFerrari.png','https://www.youtube.com/embed/77vsGgAq32k?si=7oVacPN8XT83z4Xq','+12',8,1),(_binary 'î‡´í èÓâò1ø\’IÇ','60 Minutos','A√ß√£o','Oliver Kienle','88 min',NULL,'O lutador de MMA Octavio est√° preparado para encarar a luta mais importante de sua carreira quando recebe uma liga√ß√£o de sua ex-mulher informando que, se n√£o comparecer ao anivers√°rio de sua perder√° a guarda.','2024',4,'Emilio Sakraya, Dennis Mojen, Marie Mouroum','Filme','60Minutes.png','https://www.youtube.com/embed/y1P0dEo6S0g?si=xsCEcAG-T2tvKvuC','+16',6,1),(_binary 'ô?i«´\Ó™√¥E{Ö¥','Vikings Valhalla','Drama, Hist√≥ria','Ciaran Donnelly','50 min',2,'Uma nova gera√ß√£o de her√≥is busca seu destino e faz hist√≥ria em uma Europa em constante mudan√ßa.','2022',1,'Leo Suter, Frida Gustavsson, Sam Corlett, J√≥hannes Haukur J√≥hannesson, Laura Berlin','Serie','vikingsValhalla.png','https://www.youtube.com/embed/nHMQBg6Zduc?si=6Wi8iemoBnQZQs9s','+16',14,2),(_binary '≤*!k éÓâò1ø\’IÇ','Amante, Stalker e Mortal','Policial','Sam Hobkinson','90 min',NULL,'Um mec√¢nico entra em um aplicativo de relacionamentos pela primeira vez e conhece uma mulher.','2024',6,'Ryan Avis, Jessia N Johnson, Chris Maher','Document√°rio','amanteStalkerMortal.png','https://www.youtube.com/embed/yEsBJUEz1vg?si=7J9o_9GkZhjbt-by','+12',35,5),(_binary 'µ\ Qd«£\Ó™√¥E{Ö¥','Pobres Criaturas','Com√©dia, Drama','Yorgos Lanthimos','141 min',NULL,'A jovem Bella Baxter √© trazida de volta √† vida pelo cientista Dr. Godwin Baxter. Querendo ver mais do mundo, ela foge com um advogado e viaja pelos continentes. Livre dos preconceitos de sua √©poca, Bella exige igualdade e liberta√ß√£o.','2023',7,'Emma Stone, Willem Dafoe, Mark Ruffalo, Jerrod Carmichael, Ramy Youssef, Christopher Abbott, Margaret Qualley, Kathryn Hunter, Suzy Bemba e Wayne Brett.','Filme','pobresCriaturas.png','https://www.youtube.com/embed/9DEOJkmZLd8?si=q4AUsva5p7CZNb1O','+18',25,3),(_binary '∏\"êv çÓâò1ø\’IÇ','Star Wars: Epis√≥dio IV - Uma Nova Esperan√ßa','Fic√ß√£o Cient√≠fica','George Lucas','121 min',NULL,'Luke Skywalker une for√ßas com um cabaleiro Jedi, um arrogante piloto √© dois dr√≥ides para salvar a galaxia enquanto tentam salvar a princesa Leia do misterioso Darth Vader.','1977',9,'Mark Hamill, Harrison Ford, Carrie Fisher','Filme','starWarsUmaNovaEsperanca.png','https://www.youtube.com/embed/Q8b09bE1iGQ?si=cHBT2HeunhR5WEZq','Livre',105,12),(_binary 'Ω\ng«©\Ó™√¥E{Ö¥','Succession','Drama','Mark Mylod','120 min',4,'Acompanhe a hist√≥ria da fam√≠lia Roy, composta por Logan e seus quatro filhos, que controla um dos maiores conglomerados de meios de comunica√ß√£o e entretenimento do mundo.','2018',203,'Brian Cox, Jeremy Strong, Kieran Culkin, Sarah Snook, Matthew Macfadyen, Nicholas Braun, Alexander Skarsg√•rd, Alan Ruck.','Serie','succession.png','https://www.youtube.com/embed/Gv00b1JjnGc?si=cL8_uFkn7TtVwRf7','+16',780,90),(_binary '¡\‰¡ò«ö\Ó™√¥E{Ö¥','Oppenheimer','Suspense, A√ß√£o','Christopher Nolan','181 min',NULL,'O f√≠sico J. Robert Oppenheimer trabalha com uma equipe de cientistas durante o Projeto Manhattan, levando ao desenvolvimento da bomba at√¥mica.','2023',12,'Cillian Murphy, Emily Blunt, Matt Damon, Robert Downey Jr., Florence Pugh, Gary Oldman, Jack Quaid, Gustaf Skarsg√•rd, Rami Malek e Kenneth Branagh.','Filme','oppenheimer.png','https://www.youtube.com/embed/bpoE3gK46nc?si=qE5M-73fvqhUIMka','+14',90,9),(_binary '\»≥\‘ ÜÓâò1ø\’IÇ','Chernobyl','Hist√≥ria','Johan Renck','60 min',1,'Chernobyl conta a hist√≥ria da explos√£o que aconteceu na Usina Nuclear que d√° nome ao t√≠tulo. Em 1986, na Ucr√¢nia, o acidente dizimou dezenas de pessoas e acabou por se tornar o maior desastre nuclear da hist√≥ria.','2019',74,'Jared Harris, Stellan Skarsg√•rd, Paul Ritter','S√©rie','chernobyl.png','https://www.youtube.com/embed/o2YGWLQELhE?si=pNVzkoxcP0o8DSS7','+16',19,2),(_binary '\–˘\'4 äÓâò1ø\’IÇ','Nobody Speak: Trials of the Free Press','Documentario','Brian Knappenberger','95 min',NULL,'O disputa judicial entre Hulk Hogan e Gawker Media criou uma luta entre os direitos de privacidade e a liberdade de imprensa, levantado quest√µes importantes sobre como o dinheiro pode silenciar a m√≠dia.','2017',4,'A.J. Daulerio, Hulk Hogan, Charles Harder','Document√°rio','nobodySpeak.png','https://www.youtube.com/embed/iVm6jseFVXs?si=g4tEs4Sq40F1tPlL','+14',6,1),(_binary '\”–≥\r áÓâò1ø\’IÇ','CSI: Miami','Drama, Policial','Anthony E. Zuiker','43 min',10,'Os casos da Unidade de Investiga√ß√£o da Cena do Crime do Departamento de Pol√≠cia de Miami-Dade, Fl√≥rida.','2002',60,'Eva LaRue, David Caruso, Emily Procter','S√©rie','csiMiami.png','https://www.youtube.com/embed/XpYc4069M2s?si=S93kdI1F62BRmQ09','+14',6,1),(_binary '\◊°) âÓâò1ø\’IÇ','Get Me Roger Stone','Documentario','Daniel DiMauro','92 min',NULL,'O mundo ficou chocado com a ascens√£o de Donald Trump, mas um homem vem planejando isso h√° anos: Roger Stone.','2017',6,'Roger Stone, Donald Trump, Ann Stone','Document√°rio','getMeRogerStone.png','https://www.youtube.com/embed/uZeKYRon_jM?si=5rPXVHRgq49u5YlC','+14',7,1),(_binary '\›	lº êÓâò1ø\’IÇ','A Sociedade da Neve','Biografia','J.A. Bayona','144 min',NULL,'Em 1972, um avi√£o fretado para levar um time de r√∫gbi do Uruguai ao Chile sofre um acidente nos Andes.','2023',9,'Enzo Vogrincic, Agust√≠n Pardella, Mat√≠as Recalt','Filme','sociedadeDaNeve.png','https://www.youtube.com/embed/9cjSePIf1l0?si=_vSOSB4zCtm8j1xI','+14',8,1),(_binary '\‚j\Õ\√ åÓâò1ø\’IÇ','O Auto da Compadecida','Com√©dia','Guel Arraes','104 min',NULL,'No Brasil, dois nordestinos pobres e espertos vivem de enganar pessoas para sobreviver.','2000',5,'Selton Mello, Rog√©rio Cardoso, Denise Fraga','Filme','oAutoDaCompadecida.png','https://www.youtube.com/embed/XPuMu_ENzlg?si=RbikaA42HmviyuG_','Livre',24,3),(_binary 'È£òa«®\Ó™√¥E{Ö¥','Duro de Matar','A√ß√£o, Thriller','John McTiernan','131 min',NULL,'O policial de Nova York John McClane est√° visitando sua fam√≠lia no Natal. Ele participa de uma confraterniza√ß√£o de fim de ano na sede da empresa japonesa em que a esposa trabalha.','1988',179,'Bruce Willis, Alan Rickman, Bonnie Bedella, Reginald VelJohnson, William Atherton','Filme','duroDeMatar.png','https://www.youtube.com/embed/hTFH42VILVg?si=iVu-8WC4aMRUT6cG','+14',89,11),(_binary '\Ô’àñ«§\Ó™√¥E{Ö¥','O Poderoso Chef√£o','Policial, Drama','Francis Ford Coppola','177 min',NULL,'Em 1945, Don Corleone (Marlon Brando) √© o chefe de uma mafiosa fam√≠lia italiana de Nova York. Ele costuma apadrinhar v√°rias pessoas, realizando importantes favores para elas, em troca de favores futuros.','1972',179,'Marlon Brando, Al Pacino, James Caan, Talia Shire, Diane Keaton, obert Duvall','Filme','oPoderosoChefao.png','https://www.youtube.com/embed/SaHZHU-44XA?si=xKWdzZkvI10OdpR9','+14',150,16),(_binary 'ıÒ8\Õ èÓâò1ø\’IÇ','Em Ru√≠nas','A√ß√£o','Heo Myeong Haeng','107 min',NULL,'Um terremoto transformou Seul em um deserto apocal√≠ptico. Os sobreviventes devem lidar n√£o apenas com amea√ßas da natureza, mas tamb√©m entre si.','2024',5,'Ma Dong-seok, No Jeong-ee, Ahn Ji-hye','Filme','emRuinas.png','https://www.youtube.com/embed/8LE0cfG2Sr4?si=PJyCKIEn8XwUbgRH','+16',6,1);
/*!40000 ALTER TABLE `video` ENABLE KEYS */;
UNLOCK TABLES;
/*!40103 SET TIME_ZONE=@OLD_TIME_ZONE */;

/*!40101 SET SQL_MODE=@OLD_SQL_MODE */;
/*!40014 SET FOREIGN_KEY_CHECKS=@OLD_FOREIGN_KEY_CHECKS */;
/*!40014 SET UNIQUE_CHECKS=@OLD_UNIQUE_CHECKS */;
/*!40101 SET CHARACTER_SET_CLIENT=@OLD_CHARACTER_SET_CLIENT */;
/*!40101 SET CHARACTER_SET_RESULTS=@OLD_CHARACTER_SET_RESULTS */;
/*!40101 SET COLLATION_CONNECTION=@OLD_COLLATION_CONNECTION */;
/*!40111 SET SQL_NOTES=@OLD_SQL_NOTES */;

-- Dump completed on 2024-02-21 20:21:52
